<?xml version="1.0" encoding="UTF-8"?>
<ruleset name="pcsg-generated-ruleset"
         xmlns="http://pmd.sf.net/ruleset/1.0.0"
         xmlns:xsi="http://www.w3.org/2001/XMLSchema-instance"
         xsi:schemaLocation="http://pmd.sf.net/ruleset/1.0.0 http://pmd.sf.net/ruleset_xml_schema.xsd"
         xsi:noNamespaceSchemaLocation="http://pmd.sf.net/ruleset_xml_schema.xsd">
    <description>Created with the PHP Coding Standard Generator. http://edorian.github.com/php-coding-standard-generator/
    </description>
    <rule ref="rulesets/controversial.xml/CamelCaseClassName"/>
    <rule ref="rulesets/controversial.xml/CamelCaseMethodName"/>
    <rule ref="rulesets/naming.xml/ShortVariable">
        <properties>
            <property name="minimum" value="2"/>
        </properties>
    </rule>
    <rule ref="rulesets/naming.xml/LongVariable">
        <properties>
            <property name="maximum" value="45"/>
        </properties>
    </rule>
    <rule ref="rulesets/naming.xml/BooleanGetMethodName">
        <properties>
            <property name="checkParameterizedMethods" value="true"/>
        </properties>
    </rule>
    <rule ref="rulesets/unusedcode.xml/UnusedPrivateField"/>
    <rule ref="rulesets/unusedcode.xml/UnusedPrivateMethod"/>
</ruleset>